,id,name,MP,GA,GA90,SoTA,Saves%,CS%,Gls,Ast,PK,PKatt,CrdY,CrdR,Sh,SoT%,G/Sh
0,a3b03921,Joe Willock,178,0,0.0,0.0,0.0,0.0,30,14,0,1,10,0,162,21.41851851851852,2.75
1,77e39b04,Francisco Trincao,136,0,0.0,0.0,0.0,0.0,20,12,0,0,6,0,179,28.933333333333334,1.1
2,172e52d8,Pontus Jansson,351,0,0.0,0.0,0.0,0.0,19,4,0,1,66,4,101,7.268,0.38
3,3353737a,Sergio Reguilon,134,0,0.0,0.0,0.0,0.0,5,16,0,0,27,1,98,14.605555555555554,0.34
4,6f7d826d,Douglas Luiz,205,0,0.0,0.0,0.0,0.0,11,12,0,0,47,2,174,28.540000000000003,1.3199999999999998
5,0b33f6ad,Mohammed Salisu,111,0,0.0,0.0,0.0,0.0,2,2,0,0,21,1,54,29.68,0.64
6,3ea50f67,Harvey Barnes,265,0,0.0,0.0,0.0,0.0,69,42,1,1,8,0,480,30.28846153846154,2.4400000000000004
7,17734ea0,Kayky Chagas,44,0,0.0,0.0,0.0,0.0,8,5,0,0,2,0,12,21.116666666666667,0.17
8,d79a8c87,Rob Holding,194,0,0.0,0.0,0.0,0.0,6,3,0,0,28,2,60,18.502857142857142,2.5
9,4468ec10,Demarai Gray,324,0,0.0,0.0,0.0,0.0,37,30,1,2,14,0,337,22.129411764705885,1.25
10,8aec0537,Pascal Gross,386,0,0.0,0.0,0.0,0.0,44,59,8,11,47,1,255,12.831034482758621,1.05
11,3b8674e6,Rodrigo Bentancur,280,0,0.0,0.0,0.0,0.0,9,25,0,0,62,3,163,12.565517241379311,0.8700000000000001
12,1000a059,Stuart McKinstry,61,0,0.0,0.0,0.0,0.0,8,8,0,0,9,0,24,6.659999999999999,0.17
13,f25b010f,Federico Fernandez,289,0,0.0,0.0,0.0,0.0,7,9,0,0,53,3,54,9.541379310344826,0.26
14,254147d4,Moussa Djenepo,140,0,0.0,0.0,0.0,0.0,17,7,0,0,27,2,66,19.5375,1.3
15,ce4246f5,Kurt Zouma,338,0,0.0,0.0,0.0,0.0,19,8,0,0,26,2,121,10.402857142857144,0.8600000000000001
16,83d074ff,Alexis Mac Allister,157,0,0.0,0.0,0.0,0.0,24,16,6,7,19,0,307,35.25,1.03
17,178ae8f8,Diogo Jota,294,0,0.0,0.0,0.0,0.0,98,32,1,1,47,2,485,36.73809523809524,2.8
18,ac05f970,Michail Antonio,462,0,0.0,0.0,0.0,0.0,110,69,1,2,48,3,471,15.694444444444445,1.7500000000000002
19,24f59bb2,Junior Firpo,121,0,0.0,0.0,0.0,0.0,8,12,0,0,33,0,60,15.878947368421052,1.81
20,be927d03,Ashley Young,620,0,0.0,0.0,0.0,0.0,72,98,5,8,107,3,102,7.5760000000000005,1.08
21,24fae784,Connor Roberts,260,0,0.0,0.0,0.0,0.0,14,20,0,0,25,1,136,20.181818181818183,0.65
22,f4e433d4,Tariq Lamptey,105,0,0.0,0.0,0.0,0.0,3,9,0,0,20,2,35,12.866666666666667,0.5
23,da052c14,Jordan Ayew,451,0,0.0,0.0,0.0,0.0,71,34,7,7,59,5,270,15.085714285714285,1.81
24,5eecec3d,John Stones,325,0,0.0,0.0,0.0,0.0,14,4,0,0,11,2,98,19.384615384615383,3.88
25,8d3c902d,Cheikhou Kouyate,518,0,0.0,0.0,0.0,0.0,24,18,0,0,58,6,117,14.608823529411765,1.7700000000000002
26,cee31595,James McArthur,489,0,0.0,0.0,0.0,0.0,37,39,0,2,77,1,134,12.057142857142855,1.1500000000000001
27,6cdd8245,Tom Cleverley,364,0,0.0,0.0,0.0,0.0,33,30,0,1,39,3,109,13.646666666666668,1.49
28,2691c772,Ashley Barnes,465,0,0.0,0.0,0.0,0.0,105,26,15,21,79,6,306,14.087878787878788,1.1700000000000002
29,7fcc71d8,Daniel Podence,189,0,0.0,0.0,0.0,0.0,28,21,0,0,26,1,159,27.211764705882352,1.38
30,19a9cb70,Kaide Gordon,13,0,0.0,0.0,0.0,0.0,5,0,0,1,0,0,7,27.78333333333333,0.33
31,d2424d1b,Ben Chilwell,202,0,0.0,0.0,0.0,0.0,12,19,0,0,18,2,125,24.355999999999998,1.2
32,2b91cf8e,Ciaran Clark,283,0,0.0,0.0,0.0,0.0,20,8,0,0,63,3,48,8.971428571428572,1.3199999999999998
33,f72293fc,Johann Berg Gudmundsson,404,0,0.0,0.0,0.0,0.0,41,53,1,1,27,1,196,15.093548387096776,0.49
34,2f90f6b8,James Milner,759,0,0.0,0.0,0.0,0.0,68,113,21,24,94,3,162,9.45,0.43000000000000005
35,f3354c07,Sam Greenwood,68,0,0.0,0.0,0.0,0.0,22,10,7,8,12,0,27,20.136363636363637,0.09
36,b217ef29,Joel Matip,418,0,0.0,0.0,0.0,0.0,32,14,0,0,48,2,112,10.876923076923077,2.0
37,84c5ceea,Tim Iroegbunam,50,0,0.0,0.0,0.0,0.0,1,1,0,0,19,1,30,4.6000000000000005,0.0
38,527f063d,Edinson Cavani,605,0,0.0,0.0,0.0,0.0,348,61,49,64,77,2,522,18.338461538461537,3.9399999999999995
39,43a166b4,Divock Origi,305,0,0.0,0.0,0.0,0.0,65,20,3,6,10,0,226,30.414285714285715,4.84
40,9328b835,Lukasz Fabianski,411,524,29.04,1781.0,72.50384615384615,39.580769230769235,0,1,0,0,11,1,0,0.0,0.0
41,38ceb24a,Leandro Trossard,287,0,0.0,0.0,0.0,0.0,83,32,6,8,17,1,254,26.983333333333334,0.8300000000000001
42,7a11550b,Joe Gomez,198,0,0.0,0.0,0.0,0.0,1,6,0,0,31,2,29,12.084375,0.0
43,5a4280b1,Kevin Long,165,0,0.0,0.0,0.0,0.0,10,5,0,0,25,4,37,17.978571428571428,2.43
44,3631ad41,Jeremy Ngakia,76,0,0.0,0.0,0.0,0.0,0,2,0,0,5,0,19,19.169999999999998,0.0
45,1265a93a,Reece James,204,0,0.0,0.0,0.0,0.0,17,25,1,1,26,1,180,25.470588235294116,1.28
46,dad4b285,Joel Veltman,313,0,0.0,0.0,0.0,0.0,13,14,0,0,56,9,58,8.055555555555555,0.48000000000000004
47,c1949191,Jarrad Branthwaite,59,0,0.0,0.0,0.0,0.0,3,0,0,0,3,1,15,8.928571428571429,0.5
48,67ca8566,Stuart Dallas,342,0,0.0,0.0,0.0,0.0,38,22,0,0,34,0,212,10.30909090909091,0.4700000000000001
49,f13d02a6,Helder Costa,254,0,0.0,0.0,0.0,0.0,33,35,5,6,18,0,190,32.63478260869565,1.2000000000000002
50,0420d84f,Seamus Coleman,386,0,0.0,0.0,0.0,0.0,24,24,0,0,38,2,73,11.216129032258065,0.48
51,529f49ab,Thomas Partey,338,0,0.0,0.0,0.0,0.0,29,16,0,0,91,4,256,23.136666666666667,1.02
52,bd6351cd,Joao Cancelo,310,0,0.0,0.0,0.0,0.0,15,38,0,0,58,5,283,15.225000000000001,0.9799999999999999
53,9ae9eaea,Fernando Marcal,276,0,0.0,0.0,0.0,0.0,3,15,0,0,75,12,58,10.73913043478261,0.1
54,3fe6bd8c,Paul Dummett,244,0,0.0,0.0,0.0,0.0,6,0,0,0,30,2,18,6.876190476190475,0.33
55,7a1f2c08,Jairo Riedewald,189,0,0.0,0.0,0.0,0.0,7,5,0,0,18,0,15,11.206896551724139,2.25
56,c47541e0,Bertrand Traore,287,0,0.0,0.0,0.0,0.0,77,33,0,0,33,0,383,28.064000000000007,2.1300000000000003
57,e541326e,Ethan Pinnock,233,0,0.0,0.0,0.0,0.0,11,8,0,0,12,1,83,23.49411764705882,0.9100000000000001
58,0f933743,Francisco Sierralta,111,0,0.0,0.0,0.0,0.0,4,0,0,0,32,0,34,12.325,0.44
59,2ff964a0,Aaron Lennon,555,0,0.0,0.0,0.0,0.0,40,65,0,0,27,1,58,5.938461538461539,0.92
60,3935e52e,Sead Kolasinac,299,0,0.0,0.0,0.0,0.0,13,28,0,0,52,0,88,13.42972972972973,2.7499999999999996
61,82c215a0,Marcus Forss,128,0,0.0,0.0,0.0,0.0,36,9,6,6,10,1,147,43.387499999999996,3.01
62,b579e83d,Oghenekaro Etebo,164,0,0.0,0.0,0.0,0.0,9,4,1,2,34,3,144,10.178571428571429,0.27
63,53cad200,Cesar Azpilicueta,641,0,0.0,0.0,0.0,0.0,17,50,0,0,81,3,142,13.809433962264151,2.9799999999999995
64,b9403c99,Isaac Price,49,0,0.0,0.0,0.0,0.0,4,4,0,0,14,0,1,0.0,0.0
65,c4486bac,Michael Olise,147,0,0.0,0.0,0.0,0.0,19,29,2,2,13,0,160,20.139999999999997,0.44000000000000006
66,2d5f03bf,Christoph Zimmermann,186,0,0.0,0.0,0.0,0.0,4,6,0,0,31,0,50,12.484210526315788,0.48
67,93cf32a8,Nicolas Nkoulou,427,0,0.0,0.0,0.0,0.0,12,1,0,0,68,4,41,5.639285714285713,0.8500000000000001
68,87f12e30,Sonny Perkins,24,0,0.0,0.0,0.0,0.0,14,1,1,1,1,0,3,25.0,1.0
69,eeb6551f,Ashley Fletcher,197,0,0.0,0.0,0.0,0.0,45,17,2,2,16,0,254,31.248,3.6400000000000006
70,c8aa95da,Fabian Schar,285,0,0.0,0.0,0.0,0.0,26,9,5,7,75,2,149,12.311538461538463,0.5
71,e0243d23,Taylor Richards,106,0,0.0,0.0,0.0,0.0,21,7,1,2,15,1,105,11.746153846153845,0.45
72,ca22ccb0,Hannibal Mejbri,64,0,0.0,0.0,0.0,0.0,5,15,1,2,25,2,9,28.571428571428573,0.0
73,2d760d7b,Bali Mumba,98,0,0.0,0.0,0.0,0.0,7,7,0,0,9,0,35,17.976470588235294,1.19
74,dc6c2f02,Chiquinho,27,0,0.0,0.0,0.0,0.0,3,5,0,0,5,0,25,18.75,0.15
75,e1df6989,Imran Louza,91,0,0.0,0.0,0.0,0.0,14,6,5,6,17,1,98,37.13333333333333,1.9500000000000002
76,197640fd,Timothy Castagne,274,0,0.0,0.0,0.0,0.0,15,17,0,0,26,2,84,23.735,2.5900000000000003
77,8a3c1dc7,Rico Henry,231,0,0.0,0.0,0.0,0.0,8,13,0,0,15,0,69,10.204761904761906,0.43
78,51cf8561,Oleksandr Zinchenko,199,0,0.0,0.0,0.0,0.0,4,24,0,0,14,1,108,12.323333333333332,0.42000000000000004
79,4fb9c88f,Curtis Jones,118,0,0.0,0.0,0.0,0.0,21,12,0,0,7,0,102,25.295238095238098,0.8900000000000001
80,b827d5b3,Marc Albrighton,387,0,0.0,0.0,0.0,0.0,26,52,0,0,48,1,150,22.017948717948716,3.54
81,1598599e,Nampalys Mendy,316,0,0.0,0.0,0.0,0.0,1,7,0,0,43,2,13,8.620689655172415,0.0
82,9deaf2c8,Keinan Davis,130,0,0.0,0.0,0.0,0.0,18,7,0,0,10,0,153,23.14736842105263,1.12
83,d102b8a2,Leo Fuhr Hjelde,34,0,0.0,0.0,0.0,0.0,1,0,0,0,9,0,7,21.428571428571427,0.25
84,f4290206,Marcos Alonso,368,0,0.0,0.0,0.0,0.0,41,29,0,0,69,4,344,20.597674418604644,1.84
85,2e4f5f03,Andrew Robertson,395,0,0.0,0.0,0.0,0.0,15,72,0,0,50,1,144,14.590625000000001,0.64
86,4bcf39f6,Neal Maupay,314,0,0.0,0.0,0.0,0.0,88,25,12,15,45,2,510,22.319230769230767,0.9800000000000002
87,6434f10d,Rodri,313,0,0.0,0.0,0.0,0.0,19,20,1,1,51,0,267,21.530000000000005,0.8300000000000001
88,f23f9d20,Tim Krul,398,566,31.209999999999997,1791.0,64.5962962962963,34.05185185185184,0,1,0,0,20,1,1,0.0,0.0
89,b9fbae28,NGolo Kante,376,0,0.0,0.0,0.0,0.0,18,26,0,0,50,1,157,11.962499999999999,0.68
90,531a4aa8,Yan Valery,115,0,0.0,0.0,0.0,0.0,2,6,0,0,16,2,24,14.036842105263156,0.33
91,e28868f3,Jonny Castro,340,0,0.0,0.0,0.0,0.0,10,16,0,0,66,2,119,11.582608695652175,0.55
92,6aa3e78b,Ryan Sessegnon,200,0,0.0,0.0,0.0,0.0,29,22,0,0,17,1,133,22.516666666666666,1.1900000000000002
93,7ed4921e,William Troost Ekong,243,0,0.0,0.0,0.0,0.0,8,1,0,0,27,3,48,11.473684210526315,1.0
94,a65c844b,Nuno Tavares,84,0,0.0,0.0,0.0,0.0,7,6,0,0,12,1,102,12.88888888888889,0.25
95,da8b19e2,John Ruddy,472,586,34.599999999999994,2085.0,67.42571428571428,34.84285714285714,0,1,0,0,10,1,1,0.0,0.0
96,47a34c4f,Mohamed Elneny,309,0,0.0,0.0,0.0,0.0,14,20,1,1,42,2,113,7.831578947368421,1.71
97,71ef519e,Matt Ritchie,499,0,0.0,0.0,0.0,0.0,95,88,7,12,69,0,175,7.191428571428571,0.33
98,29733c72,Juan Mata,597,0,0.0,0.0,0.0,0.0,127,117,10,10,45,1,195,21.668627450980395,2.4
99,c951a6df,Isaac Hayden,208,0,0.0,0.0,0.0,0.0,8,9,0,0,49,2,95,14.895,0.71
100,00f0482f,Shola Shoretire,61,0,0.0,0.0,0.0,0.0,21,13,2,2,16,1,4,3.125,0.0
101,c17bfb65,Joelinton,257,0,0.0,0.0,0.0,0.0,49,25,2,3,53,3,432,31.689999999999998,2.16
102,50e6dc35,Jean Philippe Mateta,167,0,0.0,0.0,0.0,0.0,61,5,4,4,13,1,241,28.872222222222224,1.54
103,17d45fb2,Ozan Tufan,242,0,0.0,0.0,0.0,0.0,26,25,2,2,33,2,222,15.521052631578947,0.6299999999999999
104,5eebbfdf,Kenedy,182,0,0.0,0.0,0.0,0.0,19,18,0,1,15,0,179,17.811111111111106,1.3000000000000003
105,ce5143da,Danny Welbeck,364,0,0.0,0.0,0.0,0.0,82,29,3,4,16,0,240,19.448717948717945,2.92
106,de112b84,Jacob Murphy,309,0,0.0,0.0,0.0,0.0,44,36,0,1,11,0,234,23.562068965517245,1.0500000000000003
107,e09f279b,Ivan Toney,351,0,0.0,0.0,0.0,0.0,145,47,24,25,79,5,458,24.52592592592592,2.07
108,68c720b5,Adam Armstrong,335,0,0.0,0.0,0.0,0.0,97,32,14,18,11,0,518,22.661538461538463,1.78
109,df8b52a5,Emerson,174,0,0.0,0.0,0.0,0.0,8,13,0,0,35,2,100,25.59375,1.4200000000000002
110,9e1035f8,Ferran Torres,191,0,0.0,0.0,0.0,0.0,37,23,2,2,20,1,276,29.66538461538461,2.83
111,7b4de647,Asmir Begovic,371,491,45.02,1581.0,61.93714285714285,31.11142857142857,1,1,0,0,18,0,1,0.0,0.0
112,235a62f8,Dominic Thompson,96,0,0.0,0.0,0.0,0.0,0,5,0,0,24,1,19,5.95,0.0
113,9f7c837d,Ben Godfrey,205,0,0.0,0.0,0.0,0.0,7,4,0,0,23,1,93,14.420833333333334,0.67
114,bc7dc64d,Bukayo Saka,180,0,0.0,0.0,0.0,0.0,36,39,3,3,20,0,270,27.520000000000003,1.25
115,099e666f,Jonjoe Kenny,187,0,0.0,0.0,0.0,0.0,2,17,0,0,23,1,44,4.6269230769230765,0.17
116,0442183b,Nathaniel Clyne,397,0,0.0,0.0,0.0,0.0,7,20,0,0,41,0,44,6.141935483870968,0.0
117,d0042ab9,Mason Holgate,196,0,0.0,0.0,0.0,0.0,7,9,0,0,39,3,66,19.632,1.3900000000000001
118,9a9c05db,Matthew Lowton,362,0,0.0,0.0,0.0,0.0,15,25,0,0,56,3,52,11.434615384615386,0.15000000000000002
119,5e105217,William Smallbone,81,0,0.0,0.0,0.0,0.0,9,10,2,2,4,0,35,23.307142857142857,0.61
120,0313a347,Ezri Konsa,247,0,0.0,0.0,0.0,0.0,7,3,0,0,39,3,63,14.066666666666666,0.76
121,8d03ca5a,Jamie Shackleton,111,0,0.0,0.0,0.0,0.0,2,3,0,0,6,0,26,13.035714285714286,0.25
122,31822f8c,Folarin Balogun,109,0,0.0,0.0,0.0,0.0,54,12,9,12,10,1,107,17.015384615384615,0.6900000000000001
123,0745b37d,Teemu Pukki,472,0,0.0,0.0,0.0,0.0,177,53,14,19,26,0,501,13.943333333333333,1.7399999999999998
124,b561db50,Raul Jimenez,354,0,0.0,0.0,0.0,0.0,103,42,17,18,36,3,443,21.523999999999997,1.23
125,2d61d13a,Ozan Kabak,121,0,0.0,0.0,0.0,0.0,10,4,0,0,30,2,68,23.957142857142856,1.65
126,d04b94db,Nelson Semedo,266,0,0.0,0.0,0.0,0.0,7,12,0,0,37,1,83,21.20416666666667,1.04
127,f0caab96,Toti Gomes,35,0,0.0,0.0,0.0,0.0,1,0,0,0,7,0,9,4.6875,0.13
128,b2c66859,Kasey McAteer,55,0,0.0,0.0,0.0,0.0,8,4,0,1,6,0,6,6.25,0.0
129,953c30b0,Jakob Sorensen,126,0,0.0,0.0,0.0,0.0,6,8,0,0,21,0,47,39.75454545454546,1.12
130,dc64b8b3,Liam Cooper,351,0,0.0,0.0,0.0,0.0,17,7,0,0,54,7,85,5.544827586206896,0.5
131,5515376c,Trevoh Chalobah,196,0,0.0,0.0,0.0,0.0,9,6,0,0,29,2,116,13.455000000000002,0.8800000000000001
132,17695062,Emile Smith Rowe,134,0,0.0,0.0,0.0,0.0,27,14,0,0,3,0,117,25.475,1.9999999999999998
133,b2f9c73e,Carney Chukwuemeka,53,0,0.0,0.0,0.0,0.0,3,5,0,0,3,0,10,16.666666666666668,0.0
134,5a7301ae,Leander Dendoncker,321,0,0.0,0.0,0.0,0.0,21,9,0,0,38,4,131,22.728,0.89
135,5ed9b537,Ibrahima Konate,142,0,0.0,0.0,0.0,0.0,7,2,0,0,26,0,53,13.966666666666667,1.87
136,9b398aea,Rayan Ait Nouri,96,0,0.0,0.0,0.0,0.0,4,9,0,0,12,0,56,30.672727272727276,0.5
137,240c8ab6,Daniel Chesters,68,0,0.0,0.0,0.0,0.0,3,7,0,0,6,1,6,12.0,0.0
138,dbf053da,Jadon Sancho,198,0,0.0,0.0,0.0,0.0,62,64,3,3,6,0,258,38.2,4.140000000000001
139,450ab6fc,Jamaal Lascelles,289,0,0.0,0.0,0.0,0.0,18,3,0,0,52,1,73,11.211538461538462,2.05
140,1c7012b8,Declan Rice,224,0,0.0,0.0,0.0,0.0,11,11,1,3,28,0,163,12.215,0.6100000000000001
141,58eee997,Mason Greenwood,136,0,0.0,0.0,0.0,0.0,39,12,1,1,4,0,250,41.43529411764706,1.7300000000000004
142,eaeca114,Nathan Ake,233,0,0.0,0.0,0.0,0.0,18,7,0,0,22,1,102,17.69714285714286,3.16
143,bf8fad51,Kortney Hause,182,0,0.0,0.0,0.0,0.0,10,3,0,0,17,0,43,5.961538461538462,0.95
144,ed1e53f3,Phil Foden,205,0,0.0,0.0,0.0,0.0,60,41,0,0,8,1,338,42.333333333333336,4.16
145,56f7a928,Youri Tielemans,421,0,0.0,0.0,0.0,0.0,63,55,19,23,51,0,363,22.04,1.4100000000000004
146,cd1acf9d,Trent Alexander Arnold,263,0,0.0,0.0,0.0,0.0,18,64,0,0,33,0,277,19.183999999999997,1.09
147,e61b8aee,Granit Xhaka,467,0,0.0,0.0,0.0,0.0,28,36,1,1,124,11,259,19.865000000000002,1.9300000000000002
148,c393a6c4,Andrew Omobamidele,60,0,0.0,0.0,0.0,0.0,3,0,0,0,9,1,7,25.0,1.0
149,2f6ec02a,Kieran Dowell,184,0,0.0,0.0,0.0,0.0,33,20,2,2,21,0,187,22.85454545454546,1.71
150,f7b1d4e0,Saman Ghoddos,243,0,0.0,0.0,0.0,0.0,53,30,2,3,29,0,136,20.04285714285714,0.7699999999999999
151,e58a03c6,Dwight Gayle,306,0,0.0,0.0,0.0,0.0,102,24,7,9,22,1,241,12.465384615384616,0.6200000000000001
152,75a72a99,Ricardo Pereira,266,0,0.0,0.0,0.0,0.0,14,27,0,0,39,0,111,10.31,1.5700000000000003
153,076bb352,Liam McCarron,58,0,0.0,0.0,0.0,0.0,4,2,0,0,5,0,2,0.0,0.0
154,ff527768,Mark Noble,521,0,0.0,0.0,0.0,0.0,57,48,36,41,105,5,77,9.83714285714286,0.38
155,7ba2eaa9,Pedro Neto,106,0,0.0,0.0,0.0,0.0,11,11,0,0,15,0,125,24.921428571428574,0.45
156,a8d4428b,Josh Sargent,138,0,0.0,0.0,0.0,0.0,29,11,0,0,13,0,192,38.300000000000004,2.16
157,21166ff4,Caglar Soyuncu,183,0,0.0,0.0,0.0,0.0,4,2,0,0,30,3,66,19.327272727272728,0.4
158,1daec722,Marc Cucurella,218,0,0.0,0.0,0.0,0.0,8,17,0,0,42,0,114,19.27333333333333,1.2600000000000002
159,cde3309f,Karl Darlow,225,295,25.45,820.0,59.93333333333334,22.914285714285715,0,0,0,0,15,0,0,0.0,0.0
160,bfdb33aa,Ismaila Sarr,227,0,0.0,0.0,0.0,0.0,55,27,4,6,21,0,385,23.9,1.69
161,e0bc6fdc,Emerson Palmieri,182,0,0.0,0.0,0.0,0.0,6,11,0,0,15,1,113,22.196666666666662,0.93
162,8b04d6c1,Pierre Hojbjerg,334,0,0.0,0.0,0.0,0.0,17,24,0,0,57,2,252,17.45142857142857,1.3199999999999998
163,9fbbcf39,Romain Saiss,361,0,0.0,0.0,0.0,0.0,21,7,0,0,93,1,150,12.51304347826087,0.9700000000000001
164,867239d3,Paul Pogba,404,0,0.0,0.0,0.0,0.0,72,80,10,16,69,4,475,19.647368421052633,1.5000000000000002
165,dea698d9,Cristiano Ronaldo,865,0,0.0,0.0,0.0,0.0,652,185,121,140,111,10,1599,13.489285714285714,2.2500000000000004
166,ea6bc03a,Robin Koch,176,0,0.0,0.0,0.0,0.0,5,2,0,0,23,0,94,22.13125,1.27
167,efb9215a,Jamal Lewis,137,0,0.0,0.0,0.0,0.0,2,5,0,0,19,0,42,15.886666666666667,1.11
168,8c12f884,Jon Rowe,41,0,0.0,0.0,0.0,0.0,10,7,1,1,2,0,4,41.675,0.0
169,8a7ff278,Joel Ward,428,0,0.0,0.0,0.0,0.0,12,8,0,0,54,1,43,13.703703703703704,0.5
170,f8fcd2a5,Jonny Evans,442,0,0.0,0.0,0.0,0.0,19,13,0,0,64,3,83,10.965,1.8000000000000003
171,dc6f5bdd,Calum Chambers,222,0,0.0,0.0,0.0,0.0,10,9,0,0,35,1,95,14.345161290322583,2.14
172,c691bfe2,Sadio Mane,451,0,0.0,0.0,0.0,0.0,191,78,1,4,65,7,686,34.54411764705883,4.32
173,1137759d,Sergi Canos,252,0,0.0,0.0,0.0,0.0,38,29,0,0,33,2,365,21.795454545454547,1.1800000000000002
174,0db5d2c8,Mathias Jorgensen,390,0,0.0,0.0,0.0,0.0,23,5,0,0,65,4,52,13.190909090909091,2.3000000000000003
175,f5deef4c,Victor Lindelof,300,0,0.0,0.0,0.0,0.0,5,8,0,0,27,0,32,10.351612903225806,0.55
176,9e525177,Aaron Wan Bissaka,185,0,0.0,0.0,0.0,0.0,2,14,0,0,21,2,34,7.855555555555556,0.29
177,1b84dbe1,Lucas Digne,341,0,0.0,0.0,0.0,0.0,15,36,1,1,45,3,118,13.471428571428573,3.04
178,819b3158,Ilkay Gundogan,471,0,0.0,0.0,0.0,0.0,69,52,6,8,41,0,423,15.824444444444442,2.2399999999999998
179,9f333379,Christos Tzolis,77,0,0.0,0.0,0.0,0.0,13,9,0,2,5,0,37,18.188888888888886,0.58
180,33887998,Edouard Mendy,221,193,19.279999999999998,699.0,63.48571428571429,34.4952380952381,0,0,0,0,12,1,0,0.0,0.0
181,57e3f0c7,Nicolas Pepe,258,0,0.0,0.0,0.0,0.0,75,40,17,18,16,1,462,26.481818181818177,1.74
182,8b788c01,Anthony Martial,357,0,0.0,0.0,0.0,0.0,99,48,9,12,17,1,396,30.139534883720923,5.35
183,a8c0acb7,Kristoffer Ajer,240,0,0.0,0.0,0.0,0.0,15,15,1,1,29,1,39,8.005882352941176,0.62
184,774cf58b,Max Aarons,211,0,0.0,0.0,0.0,0.0,6,15,0,0,37,0,97,24.5,1.2300000000000002
185,d86a1f3e,Tyler Onyango,59,0,0.0,0.0,0.0,0.0,2,4,0,0,13,1,15,2.3777777777777778,0.0
186,101da2b5,Fernandinho,635,0,0.0,0.0,0.0,0.0,69,69,10,14,149,11,223,4.681818181818182,0.8200000000000001
187,6f711f67,Chem Campbell,56,0,0.0,0.0,0.0,0.0,13,10,1,2,4,1,3,0.0,0.0
188,1d5cab82,Enock Mwepu,129,0,0.0,0.0,0.0,0.0,14,14,0,0,14,0,182,27.650000000000002,0.74
189,6b47c5db,Wilfred Ndidi,291,0,0.0,0.0,0.0,0.0,16,12,0,0,52,5,233,19.440740740740743,1.33
190,169fd162,Hwang Hee chan,209,0,0.0,0.0,0.0,0.0,47,28,4,6,19,0,259,35.915,3.1699999999999995
191,a8a3d139,Jed Steer,144,159,19.04,429.0,52.357142857142854,26.166666666666668,0,1,0,0,4,0,0,0.0,0.0
192,2628fd2b,Bernd Leno,496,609,37.57,2015.0,68.25294117647059,35.14411764705883,0,0,0,0,16,1,0,0.0,0.0
193,44781702,Ben Davies,365,0,0.0,0.0,0.0,0.0,11,21,0,0,46,0,112,12.61081081081081,1.46
194,3bb7b8b4,Ederson,353,291,24.470000000000002,955.0,68.768,40.656,0,4,0,0,30,2,0,0.0,0.0
195,ee38d9c5,James Maddison,293,0,0.0,0.0,0.0,0.0,76,56,4,5,39,2,573,18.576666666666664,2.14
196,aa849a12,Jack Harrison,247,0,0.0,0.0,0.0,0.0,44,37,0,0,13,1,342,32.147368421052626,1.3399999999999999
197,aed3a70f,Ollie Watkins,310,0,0.0,0.0,0.0,0.0,103,32,3,7,38,1,604,24.310000000000002,1.9699999999999998
198,9228b07c,Tom Davies,178,0,0.0,0.0,0.0,0.0,7,8,0,0,34,0,88,19.564999999999998,1.47
199,5e74d6c8,Brandon Williams,93,0,0.0,0.0,0.0,0.0,1,4,0,0,27,1,16,11.270588235294117,0.17
200,16264a81,Moises Caicedo,80,0,0.0,0.0,0.0,0.0,9,6,0,0,17,0,43,11.991666666666667,0.5900000000000001
201,2944f86f,Frank Onyeka,124,0,0.0,0.0,0.0,0.0,10,5,0,0,29,1,76,33.0625,0.25
202,7d2d3329,Hamza Choudhury,169,0,0.0,0.0,0.0,0.0,3,4,1,1,29,1,37,7.031999999999999,0.39
203,aa54ec6f,Pablo Mari,190,0,0.0,0.0,0.0,0.0,13,1,0,0,41,3,36,10.871428571428572,1.18
204,a2081c6b,Lewis Brunt,62,0,0.0,0.0,0.0,0.0,4,1,3,3,4,1,2,10.0,0.0
205,7fec31a0,Dan Gosling,319,0,0.0,0.0,0.0,0.0,34,8,0,0,45,1,116,10.208571428571426,2.0599999999999996
206,3a949a25,Martin Dubravka,251,337,25.220000000000002,1105.0,69.55,21.244444444444447,0,0,0,0,5,0,0,0.0,0.0
207,1bf33a9a,Christian Pulisic,262,0,0.0,0.0,0.0,0.0,45,37,0,0,13,0,357,26.731034482758623,2.6299999999999994
208,07802f7f,Danny Ings,343,0,0.0,0.0,0.0,0.0,114,34,13,15,29,0,322,24.940625,2.44
209,3eb22ec9,Bernardo Silva,416,0,0.0,0.0,0.0,0.0,76,68,0,0,41,0,403,26.810256410256407,3.6
210,2b622f01,Lucas Moura,422,0,0.0,0.0,0.0,0.0,81,64,5,5,24,0,351,17.86976744186046,2.9899999999999993
211,c92e1a31,Kelechi Iheanacho,256,0,0.0,0.0,0.0,0.0,73,34,2,3,16,0,316,36.97419354838709,4.77
212,b3af9be1,Takehiro Tomiyasu,184,0,0.0,0.0,0.0,0.0,5,6,0,0,25,0,50,10.246666666666666,0.18
213,8397a50c,Tyrone Mings,228,0,0.0,0.0,0.0,0.0,8,13,0,0,46,2,62,19.60909090909091,0.7400000000000001
214,6bd603db,Jean Philippe Gbamin,224,0,0.0,0.0,0.0,0.0,8,9,0,0,27,7,124,8.089473684210526,0.19
215,e3a5814e,Ainsley Maitland Niles,225,0,0.0,0.0,0.0,0.0,5,13,0,0,19,2,55,15.343589743589746,1.37
216,c4e87b8b,Wout Weghorst,377,0,0.0,0.0,0.0,0.0,150,42,17,28,53,2,429,32.15909090909091,3.17
217,28d596a0,Kepa Arrizabalaga,256,276,26.189999999999998,931.0,62.93999999999999,29.535999999999994,0,0,0,0,17,0,0,0.0,0.0
218,cd4256d3,Lewis Bate,74,0,0.0,0.0,0.0,0.0,0,4,0,0,8,0,20,9.375,0.0
219,4654e5f5,Charlie Cresswell,61,0,0.0,0.0,0.0,0.0,6,1,0,0,14,2,22,4.4125,0.24
220,57c94db2,Mads Roerslev,84,0,0.0,0.0,0.0,0.0,1,5,0,0,4,0,11,17.142857142857142,0.2
221,3727dd3c,Jonjo Shelvey,407,0,0.0,0.0,0.0,0.0,48,48,3,3,73,7,210,12.145945945945945,0.7
222,21512407,Kieran Trippier,450,0,0.0,0.0,0.0,0.0,11,78,0,2,36,2,49,5.836111111111111,1.2599999999999998
223,5271c8f1,Benjamin Mendy,262,0,0.0,0.0,0.0,0.0,4,36,0,0,52,3,60,14.503225806451612,0.33
224,5eae500a,Romelu Lukaku,542,0,0.0,0.0,0.0,0.0,261,75,25,30,40,1,651,28.12619047619048,4.660000000000001
225,b28bbd58,Andros Townsend,408,0,0.0,0.0,0.0,0.0,45,46,6,7,26,1,290,11.943589743589744,1.4700000000000002
226,96593e89,James Mcatee,77,0,0.0,0.0,0.0,0.0,28,17,3,4,10,0,28,3.511111111111111,0.16
227,ffa90327,Anwar El Ghazi,272,0,0.0,0.0,0.0,0.0,64,36,7,7,25,2,321,20.671428571428574,2.1
228,32f60ed8,Morgan Gibbs White,150,0,0.0,0.0,0.0,0.0,16,16,0,0,17,1,178,22.391304347826086,0.9199999999999999
229,97220da2,Armando Broja,97,0,0.0,0.0,0.0,0.0,23,3,0,0,5,0,103,32.0,1.1500000000000001
230,0d4ceb32,Matej Vydra,341,0,0.0,0.0,0.0,0.0,90,33,11,14,11,1,179,14.980645161290322,1.1
231,9319781b,Ben Johnson,117,0,0.0,0.0,0.0,0.0,3,4,0,0,13,0,14,11.294444444444444,0.53
232,31c69ef1,Ruben Dias,222,0,0.0,0.0,0.0,0.0,15,8,0,0,39,1,115,21.585714285714282,2.2100000000000004
233,e06683ca,Virgil van Dijk,0,0,0.0,0.0,0.0,0.0,0,0,0,0,0,0,0,0.0,0.0
234,b853e0ad,Fred,318,0,0.0,0.0,0.0,0.0,24,26,0,0,72,5,190,18.674193548387095,1.63
235,7aa8adfe,Alejandro Garnacho,0,0,0.0,0.0,0.0,0.0,0,0,0,0,0,0,0,0.0,0.0
236,f25c8e3a,Naby Keita,284,0,0.0,0.0,0.0,0.0,49,37,0,0,39,4,250,22.73,1.42
237,c8387671,Harvey Elliott,116,0,0.0,0.0,0.0,0.0,15,19,1,1,5,0,108,32.970000000000006,1.34
238,4a1a9578,Luis Diaz,216,0,0.0,0.0,0.0,0.0,58,26,0,1,16,2,386,37.55999999999999,2.6599999999999997
239,df10e27c,Billy Gilmour,92,0,0.0,0.0,0.0,0.0,8,11,4,5,6,0,30,21.113333333333333,0.0
240,62d7ef38,Caoimhin Kelleher,54,23,8.98,77.0,37.9375,40.25,0,0,0,0,2,0,0,0.0,0.0
241,bb5fbd2b,Solly March,257,0,0.0,0.0,0.0,0.0,17,21,0,0,15,0,204,20.523809523809526,0.82
242,2389cdc2,Matty Cash,240,0,0.0,0.0,0.0,0.0,20,14,0,0,37,1,206,20.561111111111114,0.63
243,19a12bed,Hassane Kamara,199,0,0.0,0.0,0.0,0.0,12,5,0,0,31,3,105,11.175,0.53
244,b5bf1770,Lyanco,125,0,0.0,0.0,0.0,0.0,3,1,0,0,28,1,52,19.19411764705882,1.46
245,a179d516,Willy Caballero,401,437,42.089999999999996,1534.0,58.82564102564102,29.86923076923077,0,0,0,0,19,5,0,0.0,0.0
246,3d50bcdb,Moise Kean,189,0,0.0,0.0,0.0,0.0,45,5,1,1,21,1,250,28.623999999999995,3.3400000000000003
247,15ea812b,James Tarkowski,381,0,0.0,0.0,0.0,0.0,17,10,0,2,76,3,135,6.317857142857143,0.41000000000000003
248,1bf811d4,Sam Byram,226,0,0.0,0.0,0.0,0.0,10,9,0,0,50,3,50,2.768181818181818,0.17
249,f230bc30,Jakub Moder,0,0,0.0,0.0,0.0,0.0,0,0,0,0,0,0,0,0.0,0.0
250,6250083a,Oliver Skipp,0,0,0.0,0.0,0.0,0.0,0,0,0,0,0,0,0,0.0,0.0
251,47369df8,Josh Brownhill,0,0,0.0,0.0,0.0,0.0,0,0,0,0,0,0,0,0.0,0.0
252,7c104bb7,Ademola Lookman,0,0,0.0,0.0,0.0,0.0,0,0,0,0,0,0,0,0.0,0.0
253,e082af5b,Angus Gunn,0,0,0.0,0.0,0.0,0.0,0,0,0,0,0,0,0,0.0,0.0
254,2f7acede,Harry Winks,0,0,0.0,0.0,0.0,0.0,0,0,0,0,0,0,0,0.0,0.0
255,5cbd1eb0,Tyrick Mitchell,0,0,0.0,0.0,0.0,0.0,0,0,0,0,0,0,0,0.0,0.0
256,1544f145,Jacob Ramsey,0,0,0.0,0.0,0.0,0.0,0,0,0,0,0,0,0,0.0,0.0
257,2500cef9,Yoane Wissa,0,0,0.0,0.0,0.0,0.0,0,0,0,0,0,0,0,0.0,0.0
258,7a2e46a8,Alisson,0,0,0.0,0.0,0.0,0.0,0,0,0,0,0,0,0,0.0,0.0
259,f5044e54,Pierre Lees Melou,0,0,0.0,0.0,0.0,0.0,0,0,0,0,0,0,0,0.0,0.0
260,82e34b69,Troy Deeney,0,0,0.0,0.0,0.0,0.0,0,0,0,0,0,0,0,0.0,0.0
261,df04eb4b,Crysencio Summerville,0,0,0.0,0.0,0.0,0.0,0,0,0,0,0,0,0,0.0,0.0
262,97333cf5,Stuart Armstrong,0,0,0.0,0.0,0.0,0.0,0,0,0,0,0,0,0,0.0,0.0
263,4f565d77,Kalvin Phillips,0,0,0.0,0.0,0.0,0.0,0,0,0,0,0,0,0,0.0,0.0
264,111c3236,Fabian Delph,0,0,0.0,0.0,0.0,0.0,0,0,0,0,0,0,0,0.0,0.0
265,45963054,Jamie Vardy,0,0,0.0,0.0,0.0,0.0,0,0,0,0,0,0,0,0.0,0.0
266,d557d734,Matt Doherty,0,0,0.0,0.0,0.0,0.0,0,0,0,0,0,0,0,0.0,0.0
267,3a233281,Leon Bailey,0,0,0.0,0.0,0.0,0.0,0,0,0,0,0,0,0,0.0,0.0
268,2acd49b9,Moussa Sissoko,0,0,0.0,0.0,0.0,0.0,0,0,0,0,0,0,0,0.0,0.0
269,2bd83368,Anthony Gordon,0,0,0.0,0.0,0.0,0.0,0,0,0,0,0,0,0,0.0,0.0
270,291e3ec3,Adam Idah,0,0,0.0,0.0,0.0,0.0,0,0,0,0,0,0,0,0.0,0.0
271,7ba6d84e,David de Gea,0,0,0.0,0.0,0.0,0.0,0,0,0,0,0,0,0,0.0,0.0
272,1ecb65be,Theo Walcott,0,0,0.0,0.0,0.0,0.0,0,0,0,0,0,0,0,0.0,0.0
273,ca45605e,Patson Daka,0,0,0.0,0.0,0.0,0.0,0,0,0,0,0,0,0,0.0,0.0
274,49fe9070,Timo Werner,0,0,0.0,0.0,0.0,0.0,0,0,0,0,0,0,0,0.0,0.0
275,05e8ca6d,Cameron Archer,0,0,0.0,0.0,0.0,0.0,0,0,0,0,0,0,0,0.0,0.0
276,de0f152c,Adam Masina,0,0,0.0,0.0,0.0,0.0,0,0,0,0,0,0,0,0.0,0.0
277,d3ce0e89,Danny Ward,0,0,0.0,0.0,0.0,0.0,0,0,0,0,0,0,0,0.0,0.0
278,d8931174,Harry Maguire,0,0,0.0,0.0,0.0,0.0,0,0,0,0,0,0,0,0.0,0.0
279,59e6e5bf,Dominic Calvert Lewin,244,0,0.0,0.0,0.0,0.0,69,14,2,3,28,0,364,27.340000000000003,2.8400000000000003
280,3423f250,Raphinha,165,0,0.0,0.0,0.0,0.0,39,28,5,5,30,0,335,24.11176470588235,2.0700000000000003
281,d93c2511,Scott McTominay,215,0,0.0,0.0,0.0,0.0,21,5,0,0,38,0,166,27.90384615384615,2.15
282,989d5705,Jeff Hendrick,406,0,0.0,0.0,0.0,0.0,41,26,0,0,42,2,162,10.706451612903225,1.9500000000000002
283,d9565625,Diogo Dalot,130,0,0.0,0.0,0.0,0.0,4,8,0,0,24,0,83,16.145454545454545,0.87
284,407db0d5,Mads Bidstrup,73,0,0.0,0.0,0.0,0.0,6,2,0,0,9,0,19,7.866666666666666,0.0
285,d5dd5f1f,Pierre Emerick Aubameyang,533,0,0.0,0.0,0.0,0.0,285,68,23,33,32,2,738,30.197674418604645,5.95
286,e9971f2d,Japhet Tanganga,87,0,0.0,0.0,0.0,0.0,1,2,0,0,17,2,22,8.521052631578948,0.0
287,e34fc66d,Joachim Andersen,252,0,0.0,0.0,0.0,0.0,8,6,0,0,40,5,67,12.123809523809523,1.2700000000000002
288,112c495e,Dimitris Giannoulis,149,0,0.0,0.0,0.0,0.0,0,18,0,0,34,1,19,8.458333333333334,0.0
289,a1232f4e,Eric Bailly,179,0,0.0,0.0,0.0,0.0,2,2,0,0,41,7,35,7.550000000000001,0.33
290,bcfb0142,Ben Gibson,323,0,0.0,0.0,0.0,0.0,6,8,0,0,48,6,60,13.73076923076923,1.12
291,cc2d7ad5,Charlie Taylor,320,0,0.0,0.0,0.0,0.0,3,20,0,0,28,0,22,4.167857142857143,0.0
292,35be8087,Tony Springett,50,0,0.0,0.0,0.0,0.0,8,13,0,1,6,0,2,25.0,0.0
293,2ce2508a,Luka Milivojevic,378,0,0.0,0.0,0.0,0.0,50,23,23,27,96,5,167,8.70625,0.16
294,ae4fc6a4,Eberechi Eze,210,0,0.0,0.0,0.0,0.0,33,21,4,5,10,0,288,18.105263157894736,0.5499999999999999
295,810e3c74,Jesse Lingard,313,0,0.0,0.0,0.0,0.0,57,29,2,3,38,1,307,23.25263157894737,2.7600000000000002
296,a3d94a58,Cristian Romero,166,0,0.0,0.0,0.0,0.0,7,7,0,0,69,5,78,24.660000000000004,0.68
297,bfae110f,Wesley Moraes,190,0,0.0,0.0,0.0,0.0,43,13,1,2,23,2,87,32.711111111111116,2.2199999999999998
298,71b47ab9,Cucho,172,0,0.0,0.0,0.0,0.0,42,20,5,6,31,1,298,27.32,0.45999999999999996
299,43458538,Joshua King,335,0,0.0,0.0,0.0,0.0,70,30,13,15,22,0,317,17.911538461538463,1.48
300,d313e8ff,CJ Egan Riley,46,0,0.0,0.0,0.0,0.0,0,1,0,0,9,0,3,0.0,0.0
301,1b4f1169,Albert Sambi Lokonga,105,0,0.0,0.0,0.0,0.0,3,5,0,0,13,2,67,5.43076923076923,0.08
302,e5d01ecf,Kiko Femenia,402,0,0.0,0.0,0.0,0.0,16,24,0,0,43,1,41,6.478260869565218,0.28
303,4e9a0555,Chris Wood,474,0,0.0,0.0,0.0,0.0,147,36,22,25,10,0,333,21.238461538461536,1.62
304,6c17e046,Tyler Roberts,181,0,0.0,0.0,0.0,0.0,28,16,4,5,20,0,212,17.839999999999996,0.64
305,b318a643,Salomon Rondon,435,0,0.0,0.0,0.0,0.0,140,38,4,5,35,3,418,20.308823529411764,2.5799999999999996
306,2baec6ce,Axel Tuanzebe,105,0,0.0,0.0,0.0,0.0,1,1,0,0,11,0,17,3.417391304347826,0.0
307,e46012d4,Kevin De Bruyne,541,0,0.0,0.0,0.0,0.0,134,197,7,9,54,2,686,22.189795918367352,3.41
308,3515d404,James Ward Prowse,379,0,0.0,0.0,0.0,0.0,51,45,13,17,42,2,317,26.980645161290322,1.8299999999999998
309,c2731c10,Conor Gallagher,162,0,0.0,0.0,0.0,0.0,21,19,0,0,52,1,186,17.82,0.43
310,4596da74,Evan Ferguson,47,0,0.0,0.0,0.0,0.0,20,5,2,2,2,0,16,14.344444444444443,0.71
311,5a04fd92,Said Benrahma,278,0,0.0,0.0,0.0,0.0,66,48,8,8,11,2,492,19.941666666666666,1.8
312,8996350d,Mathias Normann,133,0,0.0,0.0,0.0,0.0,4,15,0,0,44,3,113,11.654545454545454,0.1
313,26f6dca8,Manuel Lanzini,217,0,0.0,0.0,0.0,0.0,30,22,7,8,28,0,219,20.128,1.5299999999999998
314,6e7f1353,Morgan Sanson,304,0,0.0,0.0,0.0,0.0,40,29,0,0,48,1,234,11.366666666666665,1.24
315,de5b5570,Marvelous Nakamba,197,0,0.0,0.0,0.0,0.0,2,4,0,0,37,2,11,7.14375,0.0
316,e814e1cf,Lewis Dobbin,59,0,0.0,0.0,0.0,0.0,8,7,0,1,3,0,51,14.6625,0.16
317,5cdddffa,Tanguy Ndombele,259,0,0.0,0.0,0.0,0.0,17,34,0,0,27,2,176,26.944444444444443,2.2199999999999998
318,e97fd090,Ruben Loftus Cheek,200,0,0.0,0.0,0.0,0.0,16,19,0,0,10,0,173,15.789285714285715,0.77
319,d0f72bf1,Max Kilman,109,0,0.0,0.0,0.0,0.0,3,2,0,0,15,0,37,17.293333333333333,0.08
320,939bc634,Jonas Lossl,369,496,31.439999999999998,1530.0,58.083999999999996,31.484000000000005,0,2,0,0,14,0,2,0.0,0.0
321,7b5ab7f2,Bryan,108,0,0.0,0.0,0.0,0.0,7,8,0,0,15,0,88,23.605263157894736,0.7500000000000001
322,4806ec67,Jordan Pickford,372,519,38.88,1605.0,57.537037037037045,17.622222222222224,0,1,0,0,19,3,1,0.0,0.0
323,18b896d6,Antonio Rudiger,396,0,0.0,0.0,0.0,0.0,21,7,0,0,63,7,199,8.061904761904762,1.42
324,3312f911,Jeffrey Schlupp,332,0,0.0,0.0,0.0,0.0,33,18,0,0,29,0,151,16.470967741935485,0.8
325,6a713852,Robert Sanchez,123,152,10.29,476.0,62.325,29.5625,0,1,0,0,10,1,0,0.0,0.0
326,4315f30d,Malang Sarr,161,0,0.0,0.0,0.0,0.0,3,3,0,0,16,0,36,11.123809523809523,0.56
327,3dcef539,Tariqe Fosu,226,0,0.0,0.0,0.0,0.0,37,25,1,1,21,1,162,27.86818181818182,0.5900000000000001
328,3faa1780,Lukas Rupp,255,0,0.0,0.0,0.0,0.0,22,15,0,0,20,0,98,18.092857142857145,1.82
329,d7553721,Giovani Lo Celso,256,0,0.0,0.0,0.0,0.0,33,27,2,4,49,3,295,28.40714285714285,1.7700000000000002
330,c3e39f12,Fraser Forster,411,378,33.59,1492.0,65.47096774193548,32.29354838709677,0,0,0,0,18,2,0,0.0,0.0
331,98ea5115,David Raya,266,298,24.020000000000003,1057.0,58.87368421052632,21.752631578947373,0,1,0,0,5,0,1,0.0,0.0
332,a2b105e0,Sean Longstaff,193,0,0.0,0.0,0.0,0.0,20,18,0,0,14,1,123,13.889473684210529,1.07
333,c5b7c315,Michael Keane,337,0,0.0,0.0,0.0,0.0,22,10,0,0,28,1,136,12.425925925925926,1.0999999999999999
334,5c74c0f5,Kiernan Dewsbury Hall,176,0,0.0,0.0,0.0,0.0,13,18,0,0,22,0,126,20.78333333333333,0.7100000000000001
335,aa8e289e,Nikola Vlasic,264,0,0.0,0.0,0.0,0.0,50,41,9,14,17,1,354,24.16190476190476,0.7200000000000001
336,30db8574,Mads Bech Sorensen,94,0,0.0,0.0,0.0,0.0,5,0,0,0,10,0,16,15.738888888888889,2.0
337,76eca7e2,Wayne Hennessey,323,449,41.339999999999996,1482.0,56.371875,31.03125,0,1,0,0,6,1,0,0.0,0.0
338,839c14e1,Cedric Soares,311,0,0.0,0.0,0.0,0.0,7,23,0,0,64,1,101,12.247368421052633,2.5100000000000002
339,74e12f1e,Jack Cork,540,0,0.0,0.0,0.0,0.0,16,18,0,0,71,1,88,9.714285714285715,0.83
340,1c0eea98,Daniel Bachmann,122,117,15.83,370.0,56.554545454545455,25.545454545454547,0,0,0,0,10,0,0,0.0,0.0
341,a712ca2b,Issa Diop,229,0,0.0,0.0,0.0,0.0,15,4,0,0,46,2,74,27.040909090909096,2.3000000000000003
342,b391383a,Harrison Ashby,41,0,0.0,0.0,0.0,0.0,2,8,0,0,10,1,1,11.11111111111111,0.0
343,6adbc307,Jack Stephens,237,0,0.0,0.0,0.0,0.0,9,9,0,0,40,3,47,14.229032258064516,1.3199999999999998
344,2f8d27bc,Nathan Ferguson,0,0,0.0,0.0,0.0,0.0,0,0,0,0,0,0,0,0.0,0.0
345,1ef37668,Erik Pieters,474,0,0.0,0.0,0.0,0.0,8,28,0,0,81,2,70,8.552941176470586,1.3
346,7956236f,Emiliano Martinez,207,229,24.87,800.0,56.955999999999996,30.82,2,1,0,0,14,0,0,0.0,0.0
347,fdf3cb77,Vladimir Coufal,306,0,0.0,0.0,0.0,0.0,11,24,0,0,38,3,51,14.02727272727273,0.11
348,980522ec,Christian Eriksen,544,0,0.0,0.0,0.0,0.0,108,149,0,0,33,0,585,21.365306122448978,2.32
349,c14bc029,Saul Niguez,415,0,0.0,0.0,0.0,0.0,47,18,3,5,94,1,409,21.06666666666667,2.4400000000000004
350,495945ef,Ashley Westwood,463,0,0.0,0.0,0.0,0.0,26,50,2,5,75,1,84,6.983333333333333,0.39
351,2f965a72,Alphonse Areola,286,275,28.01,964.0,57.80000000000001,40.53125,0,0,0,0,6,0,1,0.0,0.0
352,466fb2c5,Aaron Ramsdale,184,255,13.469999999999999,728.0,58.90833333333333,33.291666666666664,0,1,0,0,2,0,0,0.0,0.0
353,6b625ac2,Illan Meslier,141,210,12.93,559.0,59.25454545454545,30.30909090909091,0,0,0,0,8,0,0,0.0,0.0
354,0562b7f1,Odsonne Edouard,206,0,0.0,0.0,0.0,0.0,84,28,8,9,16,0,343,35.33529411764706,2.62
355,50dc94ce,Donny van de Beek,251,0,0.0,0.0,0.0,0.0,45,36,1,1,19,1,161,18.31923076923077,1.95
356,c40b6180,Adam Webster,307,0,0.0,0.0,0.0,0.0,16,9,0,0,32,2,108,12.332142857142857,1.58
357,e8832875,Joao Pedro,124,0,0.0,0.0,0.0,0.0,28,8,3,3,11,1,228,31.130000000000003,1.3499999999999999
358,5aaef9ef,Juraj Kucka,372,0,0.0,0.0,0.0,0.0,47,29,8,8,91,10,271,8.720833333333333,0.53
359,fc15fb84,Dwight McNeil,166,0,0.0,0.0,0.0,0.0,9,19,0,0,13,0,179,30.728571428571428,0.38
360,8f62b6ee,Hugo Lloris,690,750,50.059999999999995,2724.0,68.00238095238097,24.888095238095236,0,0,0,0,9,3,0,0.0,0.0
361,92b4758e,Samir Santos,216,0,0.0,0.0,0.0,0.0,10,6,0,0,44,1,61,24.433333333333334,1.02
362,e7ca0439,James Tomkins,352,0,0.0,0.0,0.0,0.0,18,9,0,0,57,3,82,10.879310344827585,0.74
363,beb391dd,Maxwel Cornet,297,0,0.0,0.0,0.0,0.0,55,31,0,1,25,2,303,25.637931034482754,2.69
364,e7ee38c3,Robin Olsen,241,278,36.41,973.0,66.33076923076922,31.323076923076922,0,0,0,0,9,1,0,0.0,0.0
365,a1d5bd30,Marcus Rashford,335,0,0.0,0.0,0.0,0.0,112,53,10,12,30,1,682,36.76875,3.5900000000000007
366,6dfd8f05,Romain Perraud,146,0,0.0,0.0,0.0,0.0,13,12,0,0,18,0,125,20.162499999999998,1.4600000000000002
367,f1e94cd6,Nathan Tella,110,0,0.0,0.0,0.0,0.0,25,13,2,2,13,1,87,19.3,0.8600000000000001
368,3ae14ed1,Trezeguet,205,0,0.0,0.0,0.0,0.0,53,30,4,5,20,4,428,19.125,0.85
369,6c6a3300,Milot Rashica,241,0,0.0,0.0,0.0,0.0,42,38,4,5,10,0,300,25.172222222222224,0.9700000000000002
370,df3cda47,Dejan Kulusevski,154,0,0.0,0.0,0.0,0.0,26,32,1,1,17,0,190,36.04705882352941,1.92
371,984a5a64,Kyle Walker Peters,143,0,0.0,0.0,0.0,0.0,7,13,0,0,19,0,75,8.368181818181819,0.8600000000000001
372,6613c819,Tomas Soucek,279,0,0.0,0.0,0.0,0.0,55,11,8,9,40,1,209,22.294736842105262,0.7
373,f63d8a4b,Todd Cantwell,168,0,0.0,0.0,0.0,0.0,20,14,3,3,26,0,176,17.923529411764704,0.6
374,862a1c15,Miguel Almiron,250,0,0.0,0.0,0.0,0.0,47,31,5,6,19,0,459,22.409523809523808,1.28
375,b8d22478,Samuel Kalu,148,0,0.0,0.0,0.0,0.0,21,19,0,1,25,3,149,21.907142857142855,0.6
376,fa031b34,Richarlison,257,0,0.0,0.0,0.0,0.0,71,22,6,7,41,2,571,30.9,2.6
377,a53649b7,Eddie Nketiah,176,0,0.0,0.0,0.0,0.0,64,10,0,2,9,1,208,34.28620689655172,3.99
378,30d4a2e5,Vitaliy Mykolenko,153,0,0.0,0.0,0.0,0.0,8,15,0,0,21,0,33,19.542857142857144,0.5
379,6afaebf2,Bryan Mbeumo,195,0,0.0,0.0,0.0,0.0,48,30,3,3,21,0,279,29.279999999999998,1.6300000000000001
380,9c94165b,Luke Shaw,300,0,0.0,0.0,0.0,0.0,4,23,0,0,65,1,99,18.571428571428573,0.4800000000000001
381,0ef89a37,Philippe Coutinho,438,0,0.0,0.0,0.0,0.0,105,70,6,6,25,2,570,18.3219512195122,1.7100000000000004
382,8d62d31a,Joe Rodon,121,0,0.0,0.0,0.0,0.0,1,1,0,0,9,1,33,3.375,0.14
383,e514ab62,Matt Targett,202,0,0.0,0.0,0.0,0.0,6,14,1,1,23,0,61,10.684000000000001,0.65
384,e7aa9d7c,Fabio Silva,107,0,0.0,0.0,0.0,0.0,14,8,3,3,10,0,164,31.083333333333332,0.32
385,282679b4,Mateusz Klich,358,0,0.0,0.0,0.0,0.0,46,42,11,13,64,2,255,12.944,0.7
386,ab070c55,Christian Benteke,440,0,0.0,0.0,0.0,0.0,136,37,10,18,53,7,375,13.515151515151516,0.52
387,dd897ee7,Liam Delap,64,0,0.0,0.0,0.0,0.0,36,8,1,2,12,1,47,22.84166666666667,1.08
388,ad1f61f3,Steven Alzate,123,0,0.0,0.0,0.0,0.0,10,7,0,0,11,0,30,27.984210526315792,3.3400000000000003
389,21a66f6a,Harry Kane,461,0,0.0,0.0,0.0,0.0,271,56,37,42,46,1,1028,25.485365853658532,4.410000000000001
390,4b511457,Oriol Romeu,362,0,0.0,0.0,0.0,0.0,10,7,0,0,96,0,148,10.502702702702702,0.4
391,9a71e978,Ki Jana Hoever,56,0,0.0,0.0,0.0,0.0,1,4,0,0,4,1,13,3.3333333333333335,0.5
392,e9254eec,Grant Hanley,377,0,0.0,0.0,0.0,0.0,15,7,0,0,70,4,105,13.939285714285715,1.34
393,420d7c7d,Luke Ayling,490,0,0.0,0.0,0.0,0.0,14,37,0,0,81,5,138,4.2333333333333325,0.27
394,67ac5bb8,Gabriel Dos Santos,177,0,0.0,0.0,0.0,0.0,13,2,0,0,34,2,102,13.79166666666667,0.8200000000000001
395,cc70a1d5,Jack Butland,291,388,26.98,1226.0,53.72608695652173,26.491304347826084,0,0,0,0,4,0,0,0.0,0.0
396,eb7822d7,Nemanja Matic,477,0,0.0,0.0,0.0,0.0,22,30,0,0,94,5,102,14.16,1.0699999999999998
397,7e003182,Finley Stevens,15,0,0.0,0.0,0.0,0.0,0,0,0,0,0,0,0,0.0,0.0
398,ac0d576d,Jeremy Sarmiento,22,0,0.0,0.0,0.0,0.0,1,2,0,0,2,0,8,6.666666666666667,0.0
399,89d10e53,Danny Rose,283,0,0.0,0.0,0.0,0.0,10,24,0,0,64,2,58,3.361764705882353,0.09
400,507c7bdf,Bruno Fernandes,413,0,0.0,0.0,0.0,0.0,128,99,38,41,80,2,820,25.46774193548387,1.9500000000000004
401,35e413f1,Ben White,223,0,0.0,0.0,0.0,0.0,3,12,0,0,29,1,54,8.215789473684211,0.05
402,b400bde0,Raheem Sterling,480,0,0.0,0.0,0.0,0.0,159,93,3,7,53,2,674,30.007317073170732,4.3100000000000005
403,3f70db80,Kristoffer Klaesson,0,0,0.0,0.0,0.0,0.0,0,0,0,0,0,0,0,0.0,0.0
404,9674002f,Mason Mount,283,0,0.0,0.0,0.0,0.0,56,51,2,3,28,0,484,31.879166666666663,1.17
405,11ff3d56,Ibrahima Diallo,133,0,0.0,0.0,0.0,0.0,1,3,0,0,21,0,44,7.311764705882353,0.2
406,119b9a8e,Aymeric Laporte,378,0,0.0,0.0,0.0,0.0,21,6,0,0,76,7,164,11.635897435897435,1.59
407,f99b71de,Edo Kayembe,110,0,0.0,0.0,0.0,0.0,4,4,0,0,13,0,75,8.26,0.17
408,38c7feef,Alex Oxlade Chamberlain,360,0,0.0,0.0,0.0,0.0,44,45,0,0,14,0,233,17.146666666666665,1.9200000000000004
409,48a5a5d6,Martinelli,112,0,0.0,0.0,0.0,0.0,25,15,1,1,10,1,183,26.413333333333334,1.2000000000000002
410,fc027d02,Luke Thomas,99,0,0.0,0.0,0.0,0.0,3,6,0,0,14,0,24,6.8352941176470585,0.47000000000000003
411,36c2ca73,Alex McCarthy,292,398,34.580000000000005,1306.0,53.53214285714285,28.54285714285714,0,0,0,0,8,2,0,0.0,0.0
412,1961b2aa,Andre Gomes,298,0,0.0,0.0,0.0,0.0,16,16,0,0,63,2,152,12.138709677419355,0.6900000000000001
413,849c826a,Andriy Yarmolenko,406,0,0.0,0.0,0.0,0.0,134,81,16,17,55,4,144,15.005714285714287,1.49
414,903b6e8b,Jose Sa,206,158,22.090000000000003,509.0,54.42941176470589,25.594117647058823,0,1,0,0,14,0,0,0.0,0.0
415,1cb49278,Andreas Christensen,256,0,0.0,0.0,0.0,0.0,9,4,0,0,18,1,74,16.961764705882356,1.98
416,ab13a5aa,Vicente Guaita,388,479,29.209999999999997,1618.0,72.17272727272729,29.790909090909096,0,0,0,0,25,0,0,0.0,0.0
417,e0d1510a,Cody Drameh,103,0,0.0,0.0,0.0,0.0,2,17,0,0,13,1,7,2.2,0.0
418,01962d0d,Joe Gelhardt,90,0,0.0,0.0,0.0,0.0,21,9,5,10,12,0,59,22.338461538461537,0.15
419,28300a16,Jason Steele,303,378,23.259999999999998,1162.0,51.196000000000005,27.692000000000004,0,0,0,0,10,2,0,0.0,0.0
420,27c01749,Aaron Connolly,116,0,0.0,0.0,0.0,0.0,33,4,0,0,5,0,133,23.93529411764706,0.98
421,2fba6108,Anthony Elanga,80,0,0.0,0.0,0.0,0.0,17,8,1,1,1,1,41,18.907692307692308,0.85
422,44bfb6c5,Ruben Neves,311,0,0.0,0.0,0.0,0.0,31,14,7,9,71,2,427,10.239130434782608,0.45
423,df0a4c90,Christian Norgaard,236,0,0.0,0.0,0.0,0.0,13,17,0,0,42,0,84,18.2625,0.55
424,4b40d9ca,Nick Pope,276,283,24.05,1099.0,60.06666666666667,30.325,0,0,0,0,10,0,0,0.0,0.0
425,9a28eba4,Adama Traore,338,0,0.0,0.0,0.0,0.0,28,50,0,0,32,3,244,19.416666666666664,1.2500000000000002
426,77cf6852,Emil Krafth,247,0,0.0,0.0,0.0,0.0,6,11,0,0,21,2,40,16.069565217391304,0.24000000000000002
427,99813635,Adam Lallana,489,0,0.0,0.0,0.0,0.0,74,61,0,0,35,1,136,8.583783783783785,1.16
428,f4d296e4,Pascal Struijk,92,0,0.0,0.0,0.0,0.0,5,3,0,0,15,1,43,13.418181818181818,0.33
429,f5a00fa4,Joao Moutinho,722,0,0.0,0.0,0.0,0.0,46,99,9,10,99,1,151,6.868750000000001,0.43000000000000005
430,653ee42d,Dale Stephens,411,0,0.0,0.0,0.0,0.0,37,28,3,3,72,4,69,6.918518518518518,0.59
431,4f974391,Aaron Cresswell,514,0,0.0,0.0,0.0,0.0,21,57,0,0,46,6,115,4.493939393939393,0.33999999999999997
432,f9682888,Nathan Young Coombes,13,0,0.0,0.0,0.0,0.0,3,3,0,0,0,0,8,33.333333333333336,0.5
433,c931d9f9,Daniel James,177,0,0.0,0.0,0.0,0.0,21,21,0,0,16,1,250,39.452173913043474,3.0700000000000007
434,bba30585,Diego Llorente,248,0,0.0,0.0,0.0,0.0,18,2,0,0,55,4,96,15.719230769230771,1.49
435,45685411,Jesuran Rak Sakyi,66,0,0.0,0.0,0.0,0.0,27,10,1,1,4,0,59,35.58571428571428,0.15
436,758dd7f0,Javier Manquillo,198,0,0.0,0.0,0.0,0.0,2,10,0,0,24,0,15,11.110000000000001,0.5800000000000001
437,7aee4dd3,Charlie Goode,157,0,0.0,0.0,0.0,0.0,9,3,0,0,32,1,58,14.054545454545455,0.22000000000000003
438,60344e4f,Josh Dasilva,164,0,0.0,0.0,0.0,0.0,22,16,1,1,7,2,137,16.507142857142856,0.8999999999999999
439,15f3ec41,Callum Hudson Odoi,160,0,0.0,0.0,0.0,0.0,25,25,3,3,3,0,158,30.479999999999997,2.02
440,6cc47ae1,Jurgen Locadia,259,0,0.0,0.0,0.0,0.0,67,30,8,10,13,0,166,14.927586206896551,0.8200000000000001
441,1fb1c435,Rodrigo,418,0,0.0,0.0,0.0,0.0,119,52,5,9,49,6,507,15.302857142857146,2.03
442,cc3b8e78,Luke Cundle,69,0,0.0,0.0,0.0,0.0,8,12,0,0,6,0,10,7.5,0.13
443,3e9e06cb,Craig Dawson,435,0,0.0,0.0,0.0,0.0,49,9,0,0,69,2,172,18.700000000000003,2.24
444,f833a830,Takumi Minamino,275,0,0.0,0.0,0.0,0.0,69,31,0,0,19,0,305,32.17857142857143,3.84
445,afed6722,Valentino Livramento,58,0,0.0,0.0,0.0,0.0,4,7,0,0,6,1,12,5.0,0.08
446,3c33f9d9,Przemyslaw Placheta,103,0,0.0,0.0,0.0,0.0,12,4,0,0,5,0,55,31.65,0.13
447,90f91999,John McGinn,351,0,0.0,0.0,0.0,0.0,30,41,0,0,77,1,272,15.89375,0.25
448,2b16cb1a,Allan Saint Maximin,252,0,0.0,0.0,0.0,0.0,28,32,1,2,14,1,362,17.932000000000002,0.8600000000000001
449,68dc0dac,Mohamed Elyounoussi,323,0,0.0,0.0,0.0,0.0,88,42,1,2,23,1,256,27.717391304347824,1.8
450,892d5bb1,Riyad Mahrez,455,0,0.0,0.0,0.0,0.0,127,95,20,28,19,0,652,29.81538461538462,3.5500000000000003
451,1900032e,Jannik Vestergaard,310,0,0.0,0.0,0.0,0.0,20,1,0,0,37,1,135,12.661290322580646,0.45
452,a8c19eb8,Nathan Collins,116,0,0.0,0.0,0.0,0.0,5,1,0,0,14,4,29,11.106666666666667,0.46
453,19e50035,Freddie Woodman,183,191,19.75,579.0,49.611111111111114,20.905555555555555,0,0,0,0,5,0,0,0.0,0.0
454,1770bd68,Ken Sema,270,0,0.0,0.0,0.0,0.0,31,38,0,0,22,0,94,13.673684210526313,1.09
455,19f4d211,Jaden Philogene Bidace,62,0,0.0,0.0,0.0,0.0,15,4,2,2,3,0,54,14.700000000000001,1.12
456,82927de4,Pablo Fornals,316,0,0.0,0.0,0.0,0.0,36,39,0,0,28,0,404,29.42173913043478,2.5100000000000002
457,9dbb75ca,Alexandre Lacazette,478,0,0.0,0.0,0.0,0.0,203,60,36,42,54,3,543,21.326829268292684,3.7999999999999994
458,21945a9e,Dane Scarlett,47,0,0.0,0.0,0.0,0.0,6,3,1,2,5,0,46,14.166666666666666,0.08
459,a29b1131,Steven Bergwijn,264,0,0.0,0.0,0.0,0.0,61,44,3,3,29,0,280,21.21538461538461,1.2600000000000002
460,1a4ef233,Daniel Amartey,225,0,0.0,0.0,0.0,0.0,8,2,0,0,29,5,36,14.664285714285713,0.73
461,819aa8e7,Ayoze Perez,344,0,0.0,0.0,0.0,0.0,79,33,1,1,24,1,277,26.71333333333333,2.08
462,d0b3ceb9,Ben Foster,490,678,29.949999999999996,2284.0,67.91538461538462,33.39230769230769,0,1,0,0,16,1,3,3.8461538461538463,0.0
463,b2d31e83,Dan Burn,376,0,0.0,0.0,0.0,0.0,15,6,0,0,73,1,83,8.896153846153847,0.73
464,914ab9a1,Christian Kabasele,254,0,0.0,0.0,0.0,0.0,16,5,0,0,33,4,58,5.995454545454544,0.66
465,cc700722,Allan,374,0,0.0,0.0,0.0,0.0,13,38,0,0,61,2,117,9.184615384615386,0.39
466,282f75f3,Lewis Dunk,384,0,0.0,0.0,0.0,0.0,25,11,0,0,80,9,151,14.085185185185185,0.78
467,8449d35e,Vitaly Janelt,165,0,0.0,0.0,0.0,0.0,12,9,0,0,25,0,86,12.9125,0.9500000000000001
468,01226327,Ryan Bertrand,449,0,0.0,0.0,0.0,0.0,9,22,1,1,64,2,89,7.638888888888889,0.56
469,d0706b27,Marc Guehi,153,0,0.0,0.0,0.0,0.0,5,1,0,0,21,0,48,13.084615384615384,0.78
470,da7b447d,Davinson Sanchez,270,0,0.0,0.0,0.0,0.0,12,3,0,0,34,1,77,10.006896551724138,1.22
471,c596fcb0,Callum Wilson,322,0,0.0,0.0,0.0,0.0,118,35,16,19,42,1,348,20.7375,2.37
472,471f16b3,Kenny McLean,424,0,0.0,0.0,0.0,0.0,50,32,12,13,45,3,168,24.612499999999997,1.34
473,7f3b388c,Fabinho,441,0,0.0,0.0,0.0,0.0,39,20,21,22,93,0,161,14.628571428571428,1.13
474,6d5701f2,Yerry Mina,198,0,0.0,0.0,0.0,0.0,25,4,0,0,37,1,102,28.722727272727273,2.95
475,77e84962,Thiago Alcantara,412,0,0.0,0.0,0.0,0.0,40,53,0,0,55,1,238,14.759090909090908,2.6199999999999997
476,9f1938ab,Adam Forshaw,296,0,0.0,0.0,0.0,0.0,14,16,5,6,33,2,93,9.525,0.0
477,935e6b8f,Jordan Henderson,527,0,0.0,0.0,0.0,0.0,37,64,1,1,53,2,165,7.839024390243902,0.6100000000000001
478,b2bc3b1f,Wilfried Zaha,447,0,0.0,0.0,0.0,0.0,84,48,7,11,72,4,425,14.153846153846153,1.2799999999999998
479,3a24769f,Ross Barkley,327,0,0.0,0.0,0.0,0.0,48,34,3,5,27,0,324,19.064864864864862,1.6100000000000003
480,26d3b5be,Ellis Simms,94,0,0.0,0.0,0.0,0.0,36,4,0,0,5,0,121,11.200000000000001,0.51
481,4115ce4e,Jan Bednarek,215,0,0.0,0.0,0.0,0.0,8,6,0,0,48,2,48,13.960869565217392,1.4500000000000002
482,7314bba4,Shane Duffy,311,0,0.0,0.0,0.0,0.0,21,15,0,0,57,4,140,14.566666666666666,1.1300000000000001
483,fed7cb61,Kai Havertz,277,0,0.0,0.0,0.0,0.0,76,40,7,7,24,0,467,32.71923076923077,3.2400000000000007
484,9a104dee,Cenk Tosun,323,0,0.0,0.0,0.0,0.0,116,37,18,19,35,1,306,28.31785714285714,2.63
485,6c203af0,Yves Bissouma,201,0,0.0,0.0,0.0,0.0,10,4,0,0,44,2,207,11.536842105263158,0.7000000000000001
486,def899bd,Phil Jones,255,0,0.0,0.0,0.0,0.0,5,7,0,0,32,0,16,8.816129032258065,1.0
487,0f134faf,Mathias Jensen,217,0,0.0,0.0,0.0,0.0,21,34,2,2,18,0,109,11.793750000000001,0.31
488,c067631c,Ryan Fredericks,240,0,0.0,0.0,0.0,0.0,4,20,0,0,54,1,44,15.546428571428573,1.45
489,e73c9bb2,Alex Telles,298,0,0.0,0.0,0.0,0.0,26,59,15,19,42,7,141,17.342307692307692,2.2
490,86dd77d1,Kyle Walker,516,0,0.0,0.0,0.0,0.0,11,40,0,0,75,3,121,11.375,2.22
491,57df7a11,Arthur Masuaku,244,0,0.0,0.0,0.0,0.0,6,23,0,0,40,2,49,13.670370370370371,0.88
492,79300479,Martin Odegaard,225,0,0.0,0.0,0.0,0.0,39,41,1,1,16,0,267,23.311111111111117,1.1300000000000001
493,66b76d44,Emi Buendia,252,0,0.0,0.0,0.0,0.0,39,61,1,1,34,5,324,24.52777777777778,0.5399999999999999
494,f127d782,Alvaro Fernandez,105,130,8.1,344.0,55.53000000000001,33.87,0,0,0,0,3,0,1,0.0,0.0
495,9f8e9423,Raphael Varane,411,0,0.0,0.0,0.0,0.0,17,8,0,0,28,2,129,13.625641025641025,1.82
496,f2bf1b0f,Che Adams,314,0,0.0,0.0,0.0,0.0,82,24,2,2,17,3,371,36.42962962962963,2.65
497,2c44a35d,Emmanuel Dennis,189,0,0.0,0.0,0.0,0.0,41,18,0,1,36,2,146,25.44736842105263,1.36
498,74b2cd7e,Angelo Ogbonna,413,0,0.0,0.0,0.0,0.0,14,2,0,0,57,2,71,15.218181818181819,1.9800000000000002
499,fb614c44,James Justin,184,0,0.0,0.0,0.0,0.0,11,12,0,0,9,0,41,14.285714285714286,2.45
500,e342ad68,Mohamed Salah,473,0,0.0,0.0,0.0,0.0,230,99,24,27,12,1,1077,23.16590909090909,3.99
501,ae59b359,Boubakary Soumare,158,0,0.0,0.0,0.0,0.0,1,5,0,0,16,2,28,10.205000000000002,0.33
502,e717705a,Alex Kral,142,0,0.0,0.0,0.0,0.0,2,10,0,0,13,0,62,6.179999999999999,0.17
503,6622454d,Hakim Ziyech,344,0,0.0,0.0,0.0,0.0,100,110,6,9,42,2,531,24.46923076923077,2.0500000000000003
504,45db685d,Jorginho,454,0,0.0,0.0,0.0,0.0,44,29,35,40,81,2,106,11.038461538461538,0.24
505,8df7a2fb,Ben Mee,399,0,0.0,0.0,0.0,0.0,15,11,0,0,70,1,138,21.6,0.58
506,9f472354,Shane Long,545,0,0.0,0.0,0.0,0.0,107,43,10,14,40,1,202,23.126315789473686,2.4800000000000004
507,2886c9b5,Shandon Baptiste,91,0,0.0,0.0,0.0,0.0,5,5,0,0,12,2,42,25.478571428571428,1.53
508,89e4b358,Craig Cathcart,398,0,0.0,0.0,0.0,0.0,12,8,0,0,39,0,32,8.339130434782609,0.43000000000000005
509,53af52f3,Kasper Schmeichel,645,733,37.27,2571.0,66.03513513513514,31.097297297297303,0,0,0,0,26,1,2,0.0,0.0
510,6ca5ec4b,Alex Iwobi,271,0,0.0,0.0,0.0,0.0,23,35,0,0,6,0,268,25.196551724137933,1.7000000000000002
511,4ab53cdb,Jay Rodriguez,458,0,0.0,0.0,0.0,0.0,127,32,17,19,35,1,436,27.03870967741935,3.5399999999999996
512,92e7e919,Son Heung min,503,0,0.0,0.0,0.0,0.0,183,81,2,3,25,4,702,29.470000000000006,4.28
513,4c370d81,Roberto Firmino,486,0,0.0,0.0,0.0,0.0,145,95,5,9,42,0,647,26.930555555555557,2.71
514,dc7f8a28,Cole Palmer,56,0,0.0,0.0,0.0,0.0,24,11,0,0,4,0,34,26.685714285714287,0.8700000000000001
515,82518f62,Bruno Guimaraes,192,0,0.0,0.0,0.0,0.0,19,15,1,1,34,1,156,32.705555555555556,2.24
516,fce2302c,Kieran Tierney,235,0,0.0,0.0,0.0,0.0,11,35,0,0,19,0,70,10.830769230769231,0.9900000000000001
517,132a82f1,Wesley Fofana,86,0,0.0,0.0,0.0,0.0,4,0,0,0,24,1,34,18.985714285714288,2.64
518,79c84d1c,Jarrod Bowen,271,0,0.0,0.0,0.0,0.0,89,34,6,9,19,0,556,28.879999999999995,2.2999999999999994
519,a0666d3e,Will Hughes,332,0,0.0,0.0,0.0,0.0,19,27,0,0,61,0,109,14.48,0.9100000000000001
520,2bc28bb9,Tyler Morton,75,0,0.0,0.0,0.0,0.0,6,11,0,0,16,1,16,3.177777777777778,0.0
521,d56543a0,Ryan Fraser,306,0,0.0,0.0,0.0,0.0,32,43,0,0,22,1,210,18.464285714285715,0.9700000000000001
522,cea4ee8f,Dele Alli,370,0,0.0,0.0,0.0,0.0,89,66,6,6,58,1,375,26.36388888888889,1.81
523,c5bdb6e3,Reiss Nelson,152,0,0.0,0.0,0.0,0.0,35,21,0,0,12,0,133,25.085714285714282,1.9800000000000004
524,dd323728,Neco Williams,97,0,0.0,0.0,0.0,0.0,2,9,0,0,10,0,76,21.88947368421053,0.11
525,02b29014,Abdoulaye Doucoure,316,0,0.0,0.0,0.0,0.0,35,32,0,0,61,0,274,11.446153846153846,0.8600000000000001
526,a4ac4b8f,Willy Boly,292,0,0.0,0.0,0.0,0.0,15,7,0,0,36,6,79,11.460869565217392,0.9500000000000002
527,42130443,Zack Steffen,151,202,21.28,617.0,74.54705882352941,29.570588235294117,0,0,0,0,7,0,0,0.0,0.0
528,2928dca2,Conor Coady,419,0,0.0,0.0,0.0,0.0,17,14,1,1,50,2,25,14.779310344827586,2.8000000000000003
529,93feac6e,Patrick Bamford,311,0,0.0,0.0,0.0,0.0,110,26,8,12,23,0,468,19.460714285714285,1.37
530,f315ca93,Kostas Tsimikas,156,0,0.0,0.0,0.0,0.0,5,21,0,0,22,1,37,6.015000000000001,0.0
531,ac861941,Eric Dier,371,0,0.0,0.0,0.0,0.0,14,15,0,0,51,0,145,13.48918918918919,0.5700000000000001
532,79c0821a,Mateo Kovacic,458,0,0.0,0.0,0.0,0.0,20,41,0,0,57,3,183,8.045454545454545,1.04
533,86e7deaf,Thiago Silva,518,0,0.0,0.0,0.0,0.0,26,9,0,0,41,2,126,6.758333333333334,1.05
534,b0b4fd3e,Jack Grealish,312,0,0.0,0.0,0.0,0.0,45,52,0,1,47,3,350,13.163333333333334,1.61
535,b66315ae,Gabriel Jesus,308,0,0.0,0.0,0.0,0.0,120,56,5,10,44,1,623,41.327586206896555,4.4300000000000015
536,ab651565,Nathan Redmond,426,0,0.0,0.0,0.0,0.0,49,53,0,0,22,1,412,26.713333333333335,1.87
